Workbook

Sheet DispUEBD_AllRigs
A1: RigName | B1: RigSerialNumber | C1: Status | D1: DelayData | E1: Time | F1: EndTime | G1: ShiftName | H1: WorkDayStarted | I1: HourStarted_v12Hours | J1: HourStarted_v24Hours | K1: DrillPlan | L1: Operator | M1: STB | N1: AutoFunction | O1: Duration | P1: CodeName | Q1: ShortCode | R1: OnlyCodeNumber | S1: OnlyCodeName | T1: PlannedCodeName
A2: PF-07 | B2: 8999804000 | C2: Parked | E2: 46033.875 | F2: 46033.883 | G2: Turno A | H2: 2026-01-11 | I2: 9 | J2: 21 | K2: MAF11-W-3155-22 | L2: Sergio_Bravo_M. | O2: 663 | P2: 315_No_requerido | Q2: Reserva | R2: 315 | S2: No_requerido | T2: No Asignado
A3: PF-22 | B3: 8999801450 | C3: DelayCode | D3: 419_Mant_No_Program | E3: 46033.875 | F3: 46033.917 | G3: Turno A | H3: 2026-01-11 | I3: 9 | J3: 21 | K3: No Data | L3: None | M3: STB State Local Manual | N3: Manual | O3: 3600 | P3: 419_Mant_No_Program | Q3: Mantencion | R3: 419 | S3: Mant_No_Program | T3: No Programada
A4: PF-23 | B4: 8999801530 | C4: DelayCode | D4: 246_Cambio_Turno | E4: 46033.875 | F4: 46033.875 | G4: Turno A | H4: 2026-01-11 | I4: 9 | J4: 21 | K4: MAF09-SE-2825-01 | L4: Claudio_Maldonado_T | M4: STB State Local Manual | N4: Manual | O4: 26 | P4: 246_Cambio_Turno | Q4: Demora | R4: 246 | S4: Cambio_Turno | T4: Programada
A5: PF-21 | B5: 8999801320 | C5: DelayCode | D5: 282_Inter_Otros_Equ | E5: 46033.875 | F5: 46033.88 | G5: Turno A | H5: 2026-01-11 | I5: 9 | J5: 21 | K5: MAF09-SE-2840-15 | L5: None | M5: STB State Local Manual | N5: No Data | O5: 398 | P5: 282_Inter_Otros_Equ | Q5: Demora | R5: 282 | S5: Inter_Otros_Equ | T5: No Programada
A6: PF-26 | B6: 8999850070 | C6: DelayCode | D6: 246_Cambio_Turno | E6: 46033.875 | F6: 46033.88 | G6: Turno A | H6: 2026-01-11 | I6: 9 | J6: 21 | K6: MAF09-SE-2840-13 | L6: Luis_Oyarzun_V. | N6: Manual | O6: 435 | P6: 246_Cambio_Turno | Q6: Demora | R6: 246 | S6: Cambio_Turno | T6: Programada
A7: PF-24 | B7: 8999801700 | C7: DelayCode | D7: 246_Cambio_Turno | E7: 46033.875 | F7: 46033.875 | G7: Turno A | H7: 2026-01-11 | I7: 9 | J7: 21 | K7: No Data | L7: Cristian_Aguilera_B | M7: STB State Remote Switched | N7: Manual | O7: 24 | P7: 246_Cambio_Turno | Q7: Demora | R7: 246 | S7: Cambio_Turno | T7: Programada
A8: PF-25 | B8: 8999801690 | C8: DelayCode | D8: 223_Sin_Senal_GPS | E8: 46033.875 | F8: 46033.876 | G8: Turno A | H8: 2026-01-11 | I8: 9 | J8: 21 | L8: Iselda_Bugueno | M8: STB State Remote Allocated | N8: Manual | O8: 111 | P8: 223_Sin_Senal_GPS | Q8: Demora | R8: 223 | S8: Sin_Senal_GPS | T8: No Programada
A9: PF-24 | B9: 8999801700 | C9: DelayCode | D9: 246_Cambio_Turno | E9: 46033.875 | F9: 46033.88 | G9: Turno A | H9: 2026-01-11 | I9: 9 | J9: 21 | K9: No Data | L9: Cristian_Aguilera_B | M9: STB State E-Stop | N9: Manual | O9: 407 | P9: 246_Cambio_Turno | Q9: Demora | R9: 246 | S9: Cambio_Turno | T9: Programada
A10: PF-23 | B10: 8999801530 | C10: DelayCode | D10: 246_Cambio_Turno | E10: 46033.875 | F10: 46033.878 | G10: Turno A | H10: 2026-01-11 | I10: 9 | J10: 21 | K10: MAF09-SE-2825-01 | L10: Claudio_Maldonado_T | M10: STB State E-Stop | N10: Manual | O10: 211 | P10: 246_Cambio_Turno | Q10: Demora | R10: 246 | S10: Cambio_Turno | T10: Programada
A11: PF-25 | B11: 8999801690 | C11: DelayCode | D11: 223_Sin_Senal_GPS | E11: 46033.876 | F11: 46033.884 | G11: Turno A | H11: 2026-01-11 | I11: 9 | J11: 21 | L11: Alex_Pereira_P. | M11: STB State Remote Allocated | N11: Manual | O11: 633 | P11: 223_Sin_Senal_GPS | Q11: Demora | R11: 223 | S11: Sin_Senal_GPS | T11: No Programada
A12: PF-23 | B12: 8999801530 | C12: DelayCode | D12: 246_Cambio_Turno | E12: 46033.878 | F12: 46033.878 | G12: Turno A | H12: 2026-01-11 | I12: 9 | J12: 21 | K12: MAF09-SE-2825-01 | L12: Claudio_Maldonado_T | M12: STB State Local Manual | N12: Manual | O12: 26 | P12: 246_Cambio_Turno | Q12: Demora | R12: 246 | S12: Cambio_Turno | T12: Programada
A13: PF-23 | B13: 8999801530 | C13: DelayCode | D13: 246_Cambio_Turno | E13: 46033.878 | F13: 46033.878 | G13: Turno A | H13: 2026-01-11 | I13: 9 | J13: 21 | K13: MAF09-SE-2825-01 | L13: Claudio_Maldonado_T | M13: STB State Local Manual | N13: Manual | O13: 11 | P13: 246_Cambio_Turno | Q13: Demora | R13: 246 | S13: Cambio_Turno | T13: Programada
A14: PF-23 | B14: 8999801530 | C14: DelayCode | D14: 246_Cambio_Turno | E14: 46033.878 | F14: 46033.878 | G14: Turno A | H14: 2026-01-11 | I14: 9 | J14: 21 | K14: MAF09-SE-2825-01 | L14: Claudio_Maldonado_T | M14: STB State Local Manual | N14: Manual | O14: 2 | P14: 246_Cambio_Turno | Q14: Demora | R14: 246 | S14: Cambio_Turno | T14: Programada
A15: PF-23 | B15: 8999801530 | C15: Drilling | E15: 46033.878 | F15: 46033.879 | G15: Turno A | H15: 2026-01-11 | I15: 9 | J15: 21 | K15: MAF09-SE-2825-01 | L15: Claudio_Maldonado_T | M15: STB State Local Manual | N15: Manual | O15: 29 | P15: 106_Efectivo_Perforando | Q15: Efectivo | R15: 106 | S15: Efectivo_Perforando | T15: No Asignado
A16: PF-23 | B16: 8999801530 | C16: Drilling | E16: 46033.879 | F16: 46033.892 | G16: Turno A | H16: 2026-01-11 | I16: 9 | J16: 21 | K16: MAF09-SE-2825-01 | L16: Mariole_Rivero | M16: STB State Local Manual | N16: Manual | O16: 1206 | P16: 106_Efectivo_Perforando | Q16: Efectivo | R16: 106 | S16: Efectivo_Perforando | T16: No Asignado
A17: PF-21 | B17: 8999801320 | C17: DelayCode | D17: 282_Inter_Otros_Equ | E17: 46033.88 | F17: 46033.88 | G17: Turno A | H17: 2026-01-11 | I17: 9 | J17: 21 | K17: MAF09-SE-2840-15 | L17: None | M17: STB State Local Manual | N17: No Data | O17: 1 | P17: 282_Inter_Otros_Equ | Q17: Demora | R17: 282 | S17: Inter_Otros_Equ | T17: No Programada
A18: PF-21 | B18: 8999801320 | C18: DelayCode | D18: 282_Inter_Otros_Equ | E18: 46033.88 | F18: 46033.88 | G18: Turno A | H18: 2026-01-11 | I18: 9 | J18: 21 | K18: MAF09-SE-2840-15 | L18: None | M18: STB State E-Stop | N18: No Data | O18: 3 | P18: 282_Inter_Otros_Equ | Q18: Demora | R18: 282 | S18: Inter_Otros_Equ | T18: No Programada
A19: PF-21 | B19: 8999801320 | C19: DelayCode | D19: 282_Inter_Otros_Equ | E19: 46033.88 | F19: 46033.88 | G19: Turno A | H19: 2026-01-11 | I19: 9 | J19: 21 | K19: MAF09-SE-2840-15 | L19: None | M19: STB State Local Manual | N19: No Data | O19: 50 | P19: 282_Inter_Otros_Equ | Q19: Demora | R19: 282 | S19: Inter_Otros_Equ | T19: No Programada
A20: PF-24 | B20: 8999801700 | C20: DelayCode | D20: 246_Cambio_Turno | E20: 46033.88 | F20: 46033.882 | G20: Turno A | H20: 2026-01-11 | I20: 9 | J20: 21 | K20: No Data | L20: Cristian_Aguilera_B | M20: STB State Local Manual | N20: Manual | O20: 167 | P20: 246_Cambio_Turno | Q20: Demora | R20: 246 | S20: Cambio_Turno | T20: Programada
A21: PF-26 | B21: 8999850070 | C21: DelayCode | D21: 246_Cambio_Turno | E21: 46033.88 | F21: 46033.883 | G21: Turno A | H21: 2026-01-11 | I21: 9 | J21: 21 | K21: MAF09-SE-2840-13 | L21: Luis_Oyarzun_V. | N21: Manual | O21: 259 | P21: 246_Cambio_Turno | Q21: Demora | R21: 246 | S21: Cambio_Turno | T21: Programada
A22: PF-21 | B22: 8999801320 | C22: DelayCode | D22: 282_Inter_Otros_Equ | E22: 46033.88 | F22: 46033.881 | G22: Turno A | H22: 2026-01-11 | I22: 9 | J22: 21 | K22: MAF09-SE-2840-15 | L22: Emilio_Ferreira_V. | M22: STB State Local Manual | N22: No Data | O22: 24 | P22: 282_Inter_Otros_Equ | Q22: Demora | R22: 282 | S22: Inter_Otros_Equ | T22: No Programada
A23: PF-21 | B23: 8999801320 | C23: DelayCode | D23: 282_Inter_Otros_Equ | E23: 46033.881 | F23: 46033.881 | G23: Turno A | H23: 2026-01-11 | I23: 9 | J23: 21 | K23: MAF09-SE-2840-15 | L23: Emilio_Ferreira_V. | M23: STB State Local Manual | N23: No Data | O23: 9 | P23: 282_Inter_Otros_Equ | Q23: Demora | R23: 282 | S23: Inter_Otros_Equ | T23: No Programada
A24: PF-21 | B24: 8999801320 | C24: DelayCode | D24: 282_Inter_Otros_Equ | E24: 46033.881 | F24: 46033.886 | G24: Turno A | H24: 2026-01-11 | I24: 9 | J24: 21 | K24: MAF09-SE-2840-15 | L24: Emilio_Ferreira_V. | M24: STB State Local Manual | N24: No Data | O24: 442 | P24: 282_Inter_Otros_Equ | Q24: Demora | R24: 282 | S24: Inter_Otros_Equ | T24: No Programada
A25: PF-24 | B25: 8999801700 | C25: DelayCode | D25: 246_Cambio_Turno | E25: 46033.882 | F25: 46033.882 | G25: Turno A | H25: 2026-01-11 | I25: 9 | J25: 21 | K25: No Data | L25: Cristian_Aguilera_B | M25: STB State Local Manual | N25: Manual | O25: 27 | P25: 246_Cambio_Turno | Q25: Demora | R25: 246 | S25: Cambio_Turno | T25: Programada
A26: PF-24 | B26: 8999801700 | C26: DelayCode | D26: 246_Cambio_Turno | E26: 46033.882 | F26: 46033.885 | G26: Turno A | H26: 2026-01-11 | I26: 9 | J26: 21 | K26: No Data | L26: Cristian_Aguilera_B | M26: STB State Local Manual | N26: Manual | O26: 216 | P26: 246_Cambio_Turno | Q26: Demora | R26: 246 | S26: Cambio_Turno | T26: Programada
A27: PF-07 | B27: 8999804000 | C27: Positioning/Setup | E27: 46033.883 | F27: 46033.883 | G27: Turno A | H27: 2026-01-11 | I27: 9 | J27: 21 | K27: MAF11-W-3155-22 | L27: Sergio_Bravo_M. | O27: 59 | P27: 203_Demora_Posicion | Q27: Demora | R27: 203 | S27: Demora_Posicion | T27: No Programada
A28: PF-26 | B28: 8999850070 | C28: DelayCode | D28: 246_Cambio_Turno | E28: 46033.883 | F28: 46033.883 | G28: Turno A | H28: 2026-01-11 | I28: 9 | J28: 21 | K28: MAF09-SE-2840-13 | L28: Luis_Oyarzun_V. | N28: Manual | O28: 35 | P28: 246_Cambio_Turno | Q28: Demora | R28: 246 | S28: Cambio_Turno | T28: Programada
A29: PF-07 | B29: 8999804000 | C29: Positioning/Setup | E29: 46033.883 | F29: 46033.885 | G29: Turno A | H29: 2026-01-11 | I29: 9 | J29: 21 | K29: MAF11-W-3155-22 | L29: Misael_Tirado_P. | O29: 153 | P29: 203_Demora_Posicion | Q29: Demora | R29: 203 | S29: Demora_Posicion | T29: No Programada
A30: PF-26 | B30: 8999850070 | C30: DelayCode | D30: 246_Cambio_Turno | E30: 46033.883 | F30: 46033.884 | G30: Turno A | H30: 2026-01-11 | I30: 9 | J30: 21 | K30: MAF09-SE-2840-13 | L30: Luis_Oyarzun_V. | N30: Manual | O30: 8 | P30: 246_Cambio_Turno | Q30: Demora | R30: 246 | S30: Cambio_Turno | T30: Programada
A31: PF-26 | B31: 8999850070 | C31: Drilling | E31: 46033.884 | F31: 46033.884 | G31: Turno A | H31: 2026-01-11 | I31: 9 | J31: 21 | K31: MAF09-SE-2840-13 | L31: Luis_Oyarzun_V. | N31: Manual | O31: 6 | P31: 106_Efectivo_Perforando | Q31: Efectivo | R31: 106 | S31: Efectivo_Perforando | T31: No Asignado
A32: PF-26 | B32: 8999850070 | C32: Drilling | E32: 46033.884 | F32: 46033.905 | G32: Turno A | H32: 2026-01-11 | I32: 9 | J32: 21 | K32: MAF09-SE-2840-13 | L32: Lino_Alamos_R. | N32: Manual | O32: 1883 | P32: 106_Efectivo_Perforando | Q32: Efectivo | R32: 106 | S32: Efectivo_Perforando | T32: No Asignado
A33: PF-25 | B33: 8999801690 | C33: DelayCode | D33: 223_Sin_Senal_GPS | E33: 46033.884 | F33: 46033.884 | G33: Turno A | H33: 2026-01-11 | I33: 9 | J33: 21 | L33: Alex_Pereira_P. | M33: STB State Remote Allocated | N33: Manual | O33: 11 | P33: 223_Sin_Senal_GPS | Q33: Demora | R33: 223 | S33: Sin_Senal_GPS | T33: No Programada
A34: PF-25 | B34: 8999801690 | C34: DelayCode | D34: 223_Sin_Senal_GPS | E34: 46033.884 | F34: 46033.887 | G34: Turno A | H34: 2026-01-11 | I34: 9 | J34: 21 | L34: Alex_Pereira_P. | M34: STB State Remote Allocated | N34: Manual | O34: 259 | P34: 223_Sin_Senal_GPS | Q34: Demora | R34: 223 | S34: Sin_Senal_GPS | T34: No Programada
A35: PF-24 | B35: 8999801700 | C35: Drill Mode | E35: 46033.885 | F35: 46033.885 | G35: Turno A | H35: 2026-01-11 | I35: 9 | J35: 21 | K35: No Data | L35: Cristian_Aguilera_B | M35: STB State Local Manual | N35: Manual | O35: 17 | P35: 106_Efectivo_Perforando | Q35: Efectivo | R35: 106 | S35: Efectivo_Perforando | T35: No Asignado
A36: PF-24 | B36: 8999801700 | C36: Drill Mode | E36: 46033.885 | F36: 46033.892 | G36: Turno A | H36: 2026-01-11 | I36: 9 | J36: 21 | K36: No Data | L36: Iselda_Bugueno | M36: STB State Local Manual | N36: Manual | O36: 571 | P36: 106_Efectivo_Perforando | Q36: Efectivo | R36: 106 | S36: Efectivo_Perforando | T36: No Asignado
A37: PF-07 | B37: 8999804000 | C37: Drill Mode | E37: 46033.885 | F37: 46033.889 | G37: Turno A | H37: 2026-01-11 | I37: 9 | J37: 21 | K37: MAF11-W-3155-22 | L37: Misael_Tirado_P. | O37: 364 | P37: 106_Efectivo_Perforando | Q37: Efectivo | R37: 106 | S37: Efectivo_Perforando | T37: No Asignado
A38: PF-21 | B38: 8999801320 | C38: DelayCode | D38: 282_Inter_Otros_Equ | E38: 46033.886 | F38: 46033.887 | G38: Turno A | H38: 2026-01-11 | I38: 9 | J38: 21 | K38: MAF09-SE-2840-15 | L38: Emilio_Ferreira_V. | M38: STB State Local Manual | N38: No Data | O38: 86 | P38: 282_Inter_Otros_Equ | Q38: Demora | R38: 282 | S38: Inter_Otros_Equ | T38: No Programada
A39: PF-21 | B39: 8999801320 | C39: DelayCode | D39: 282_Inter_Otros_Equ | E39: 46033.887 | F39: 46033.887 | G39: Turno A | H39: 2026-01-11 | I39: 9 | J39: 21 | K39: MAF09-SE-2840-15 | L39: Emilio_Ferreira_V. | M39: STB State Local Manual | N39: No Data | O39: 12 | P39: 282_Inter_Otros_Equ | Q39: Demora | R39: 282 | S39: Inter_Otros_Equ | T39: No Programada
A40: PF-25 | B40: 8999801690 | C40: Drill Mode | E40: 46033.887 | F40: 46033.917 | G40: Turno A | H40: 2026-01-11 | I40: 9 | J40: 21 | L40: Alex_Pereira_P. | M40: STB State Remote Allocated | N40: Manual | O40: 2586 | P40: 106_Efectivo_Perforando | Q40: Efectivo | R40: 106 | S40: Efectivo_Perforando | T40: No Asignado
A41: PF-21 | B41: 8999801320 | C41: DelayCode | D41: 282_Inter_Otros_Equ | E41: 46033.887 | F41: 46033.887 | G41: Turno A | H41: 2026-01-11 | I41: 9 | J41: 21 | K41: MAF09-SE-2840-15 | L41: Emilio_Ferreira_V. | M41: STB State Local Manual | N41: No Data | O41: 1 | P41: 282_Inter_Otros_Equ | Q41: Demora | R41: 282 | S41: Inter_Otros_Equ | T41: No Programada
A42: PF-21 | B42: 8999801320 | C42: DelayCode | D42: 282_Inter_Otros_Equ | E42: 46033.887 | F42: 46033.887 | G42: Turno A | H42: 2026-01-11 | I42: 9 | J42: 21 | K42: MAF09-SE-2840-15 | L42: Emilio_Ferreira_V. | M42: STB State Local Manual | N42: AutoDelevel | O42: 23 | P42: 282_Inter_Otros_Equ | Q42: Demora | R42: 282 | S42: Inter_Otros_Equ | T42: No Programada
A43: PF-21 | B43: 8999801320 | C43: DelayCode | D43: 282_Inter_Otros_Equ | E43: 46033.887 | F43: 46033.887 | G43: Turno A | H43: 2026-01-11 | I43: 9 | J43: 21 | K43: MAF09-SE-2840-15 | L43: Emilio_Ferreira_V. | M43: STB State Local Manual | N43: Manual | O43: 4 | P43: 282_Inter_Otros_Equ | Q43: Demora | R43: 282 | S43: Inter_Otros_Equ | T43: No Programada
A44: PF-21 | B44: 8999801320 | C44: DelayCode | D44: 282_Inter_Otros_Equ | E44: 46033.887 | F44: 46033.892 | G44: Turno A | H44: 2026-01-11 | I44: 9 | J44: 21 | K44: MAF09-SE-2840-15 | L44: Emilio_Ferreira_V. | M44: STB State Local Manual | N44: Manual | O44: 382 | P44: 282_Inter_Otros_Equ | Q44: Demora | R44: 282 | S44: Inter_Otros_Equ | T44: No Programada
A45: PF-07 | B45: 8999804000 | C45: Tramming/Propel | E45: 46033.889 | F45: 46033.891 | G45: Turno A | H45: 2026-01-11 | I45: 9 | J45: 21 | K45: MAF11-W-3155-22 | L45: Misael_Tirado_P. | O45: 185 | P45: 107_Efectivo_Posicionandose | Q45: Efectivo | R45: 107 | S45: Efectivo_Posicionandose | T45: No Asignado
A46: PF-07 | B46: 8999804000 | C46: Drill Mode | E46: 46033.891 | F46: 46033.892 | G46: Turno A | H46: 2026-01-11 | I46: 9 | J46: 21 | K46: MAF11-W-3155-22 | L46: Misael_Tirado_P. | O46: 69 | P46: 106_Efectivo_Perforando | Q46: Efectivo | R46: 106 | S46: Efectivo_Perforando | T46: No Asignado
A47: PF-24 | B47: 8999801700 | C47: Positioning/Setup | E47: 46033.892 | F47: 46033.892 | G47: Turno A | H47: 2026-01-11 | I47: 9 | J47: 21 | K47: No Data | L47: Iselda_Bugueno | M47: STB State Local Manual | N47: Manual | O47: 9 | P47: 107_Efectivo_Posicionandose | Q47: Efectivo | R47: 107 | S47: Efectivo_Posicionandose | T47: No Asignado
A48: PF-21 | B48: 8999801320 | C48: DelayCode | D48: 282_Inter_Otros_Equ | E48: 46033.892 | F48: 46033.894 | G48: Turno A | H48: 2026-01-11 | I48: 9 | J48: 21 | K48: MAF09-SE-2840-15 | L48: Emilio_Ferreira_V. | M48: STB State Local Manual | N48: Manual | O48: 235 | P48: 282_Inter_Otros_Equ | Q48: Demora | R48: 282 | S48: Inter_Otros_Equ | T48: No Programada
A49: PF-24 | B49: 8999801700 | C49: Positioning/Setup | E49: 46033.892 | F49: 46033.892 | G49: Turno A | H49: 2026-01-11 | I49: 9 | J49: 21 | K49: No Data | L49: Iselda_Bugueno | M49: STB State Local Manual | N49: AutoDelevel | O49: 32 | P49: 107_Efectivo_Posicionandose | Q49: Efectivo | R49: 107 | S49: Efectivo_Posicionandose | T49: No Asignado
A50: PF-24 | B50: 8999801700 | C50: DelayCode | D50: 283_Cambio_tricono | E50: 46033.892 | F50: 46033.892 | G50: Turno A | H50: 2026-01-11 | I50: 9 | J50: 21 | K50: No Data | L50: Iselda_Bugueno | M50: STB State Local Manual | N50: AutoDelevel | O50: 5 | P50: 283_Cambio_tricono | Q50: Demora | R50: 283 | S50: Cambio_tricono | T50: No Programada
A51: PF-24 | B51: 8999801700 | C51: DelayCode | D51: 283_Cambio_tricono | E51: 46033.892 | F51: 46033.892 | G51: Turno A | H51: 2026-01-11 | I51: 9 | J51: 21 | K51: No Data | L51: Iselda_Bugueno | M51: STB State Local Manual | N51: Manual | O51: 6 | P51: 283_Cambio_tricono | Q51: Demora | R51: 283 | S51: Cambio_tricono | T51: No Programada
A52: PF-24 | B52: 8999801700 | C52: DelayCode | D52: 283_Cambio_tricono | E52: 46033.892 | F52: 46033.893 | G52: Turno A | H52: 2026-01-11 | I52: 9 | J52: 21 | K52: No Data | L52: Iselda_Bugueno | M52: STB State Local Manual | N52: Manual | O52: 55 | P52: 283_Cambio_tricono | Q52: Demora | R52: 283 | S52: Cambio_tricono | T52: No Programada
A53: PF-07 | B53: 8999804000 | C53: Drilling | E53: 46033.892 | F53: 46033.903 | G53: Turno A | H53: 2026-01-11 | I53: 9 | J53: 21 | K53: MAF11-W-3155-22 | L53: Misael_Tirado_P. | O53: 899 | P53: 106_Efectivo_Perforando | Q53: Efectivo | R53: 106 | S53: Efectivo_Perforando | T53: No Asignado
A54: PF-23 | B54: 8999801530 | C54: Drill Mode | E54: 46033.892 | F54: 46033.893 | G54: Turno A | H54: 2026-01-11 | I54: 9 | J54: 21 | K54: MAF09-SE-2825-01 | L54: Mariole_Rivero | M54: STB State Local Manual | N54: Manual | O54: 37 | P54: 106_Efectivo_Perforando | Q54: Efectivo | R54: 106 | S54: Efectivo_Perforando | T54: No Asignado
A55: PF-24 | B55: 8999801700 | C55: DelayCode | D55: 283_Cambio_tricono | E55: 46033.893 | F55: 46033.893 | G55: Turno A | H55: 2026-01-11 | I55: 9 | J55: 21 | K55: No Data | L55: Iselda_Bugueno | M55: STB State Local Manual | N55: Manual | O55: 1 | P55: 283_Cambio_tricono | Q55: Demora | R55: 283 | S55: Cambio_tricono | T55: No Programada
A56: PF-24 | B56: 8999801700 | C56: DelayCode | D56: 283_Cambio_tricono | E56: 46033.893 | F56: 46033.894 | G56: Turno A | H56: 2026-01-11 | I56: 9 | J56: 21 | K56: No Data | L56: Iselda_Bugueno | M56: STB State Local Manual | N56: AutoLevel | O56: 75 | P56: 283_Cambio_tricono | Q56: Demora | R56: 283 | S56: Cambio_tricono | T56: No Programada
A57: PF-23 | B57: 8999801530 | C57: Positioning/Setup | E57: 46033.893 | F57: 46033.894 | G57: Turno A | H57: 2026-01-11 | I57: 9 | J57: 21 | K57: MAF09-SE-2825-01 | L57: Mariole_Rivero | M57: STB State Local Manual | N57: Manual | O57: 62 | P57: 107_Efectivo_Posicionandose | Q57: Efectivo | R57: 107 | S57: Efectivo_Posicionandose | T57: No Asignado
A58: PF-23 | B58: 8999801530 | C58: Tramming/Propel | E58: 46033.894 | F58: 46033.895 | G58: Turno A | H58: 2026-01-11 | I58: 9 | J58: 21 | K58: MAF09-SE-2825-01 | L58: Mariole_Rivero | M58: STB State Local Manual | N58: Manual | O58: 147 | P58: 107_Efectivo_Posicionandose | Q58: Efectivo | R58: 107 | S58: Efectivo_Posicionandose | T58: No Asignado
A59: PF-24 | B59: 8999801700 | C59: DelayCode | D59: 283_Cambio_tricono | E59: 46033.894 | F59: 46033.894 | G59: Turno A | H59: 2026-01-11 | I59: 9 | J59: 21 | K59: No Data | L59: Iselda_Bugueno | M59: STB State Local Manual | N59: Manual | O59: 45 | P59: 283_Cambio_tricono | Q59: Demora | R59: 283 | S59: Cambio_tricono | T59: No Programada
A60: PF-24 | B60: 8999801700 | C60: DelayCode | D60: 283_Cambio_tricono | E60: 46033.894 | F60: 46033.894 | G60: Turno A | H60: 2026-01-11 | I60: 9 | J60: 21 | K60: No Data | L60: Iselda_Bugueno | M60: STB State Local Manual | N60: Manual | O60: 18 | P60: 283_Cambio_tricono | Q60: Demora | R60: 283 | S60: Cambio_tricono | T60: No Programada
A61: PF-21 | B61: 8999801320 | C61: DelayCode | D61: 282_Inter_Otros_Equ | E61: 46033.894 | F61: 46033.895 | G61: Turno A | H61: 2026-01-11 | I61: 9 | J61: 21 | K61: MAF09-SE-2840-15 | L61: Emilio_Ferreira_V. | M61: STB State Local Manual | N61: Manual | O61: 30 | P61: 282_Inter_Otros_Equ | Q61: Demora | R61: 282 | S61: Inter_Otros_Equ | T61: No Programada
A62: PF-24 | B62: 8999801700 | C62: DelayCode | D62: 283_Cambio_tricono | E62: 46033.894 | F62: 46033.899 | G62: Turno A | H62: 2026-01-11 | I62: 9 | J62: 21 | K62: No Data | L62: Iselda_Bugueno | M62: STB State Local Manual | N62: Manual | O62: 372 | P62: 283_Cambio_tricono | Q62: Demora | R62: 283 | S62: Cambio_tricono | T62: No Programada
A63: PF-21 | B63: 8999801320 | C63: DelayCode | D63: 282_Inter_Otros_Equ | E63: 46033.895 | F63: 46033.895 | G63: Turno A | H63: 2026-01-11 | I63: 9 | J63: 21 | K63: MAF09-SE-2840-15 | L63: Emilio_Ferreira_V. | M63: STB State Local Manual | N63: Manual | O63: 14 | P63: 282_Inter_Otros_Equ | Q63: Demora | R63: 282 | S63: Inter_Otros_Equ | T63: No Programada
A64: PF-21 | B64: 8999801320 | C64: Drilling | E64: 46033.895 | F64: 46033.917 | G64: Turno A | H64: 2026-01-11 | I64: 9 | J64: 21 | K64: MAF09-SE-2840-15 | L64: Emilio_Ferreira_V. | M64: STB State Local Manual | N64: Manual | O64: 1886 | P64: 106_Efectivo_Perforando | Q64: Efectivo | R64: 106 | S64: Efectivo_Perforando | T64: No Asignado
A65: PF-23 | B65: 8999801530 | C65: Positioning/Setup | E65: 46033.895 | F65: 46033.897 | G65: Turno A | H65: 2026-01-11 | I65: 9 | J65: 21 | K65: MAF09-SE-2825-01 | L65: Mariole_Rivero | M65: STB State Local Manual | N65: Manual | O65: 107 | P65: 107_Efectivo_Posicionandose | Q65: Efectivo | R65: 107 | S65: Efectivo_Posicionandose | T65: No Asignado
A66: PF-23 | B66: 8999801530 | C66: Drill Mode | E66: 46033.897 | F66: 46033.897 | G66: Turno A | H66: 2026-01-11 | I66: 9 | J66: 21 | K66: MAF09-SE-2825-01 | L66: Mariole_Rivero | M66: STB State Local Manual | N66: Manual | O66: 56 | P66: 106_Efectivo_Perforando | Q66: Efectivo | R66: 106 | S66: Efectivo_Perforando | T66: No Asignado
A67: PF-23 | B67: 8999801530 | C67: Drilling | E67: 46033.897 | F67: 46033.917 | G67: Turno A | H67: 2026-01-11 | I67: 9 | J67: 21 | K67: MAF09-SE-2825-01 | L67: Mariole_Rivero | M67: STB State Local Manual | N67: Manual | O67: 1680 | P67: 106_Efectivo_Perforando | Q67: Efectivo | R67: 106 | S67: Efectivo_Perforando | T67: No Asignado
A68: PF-24 | B68: 8999801700 | C68: DelayCode | D68: 283_Cambio_tricono | E68: 46033.899 | F68: 46033.899 | G68: Turno A | H68: 2026-01-11 | I68: 9 | J68: 21 | K68: No Data | L68: Iselda_Bugueno | M68: STB State Local Manual | N68: Manual | O68: 23 | P68: 283_Cambio_tricono | Q68: Demora | R68: 283 | S68: Cambio_tricono | T68: No Programada
A69: PF-24 | B69: 8999801700 | C69: DelayCode | D69: 283_Cambio_tricono | E69: 46033.899 | F69: 46033.901 | G69: Turno A | H69: 2026-01-11 | I69: 9 | J69: 21 | K69: No Data | L69: Iselda_Bugueno | M69: STB State Local Manual | N69: Manual | O69: 190 | P69: 283_Cambio_tricono | Q69: Demora | R69: 283 | S69: Cambio_tricono | T69: No Programada
A70: PF-24 | B70: 8999801700 | C70: DelayCode | D70: 283_Cambio_tricono | E70: 46033.901 | F70: 46033.902 | G70: Turno A | H70: 2026-01-11 | I70: 9 | J70: 21 | K70: No Data | L70: Iselda_Bugueno | M70: STB State Local Manual | N70: Manual | O70: 95 | P70: 283_Cambio_tricono | Q70: Demora | R70: 283 | S70: Cambio_tricono | T70: No Programada
A71: PF-24 | B71: 8999801700 | C71: DelayCode | D71: 283_Cambio_tricono | E71: 46033.902 | F71: 46033.902 | G71: Turno A | H71: 2026-01-11 | I71: 9 | J71: 21 | K71: No Data | L71: Iselda_Bugueno | M71: STB State Local Manual | N71: Manual | O71: 2 | P71: 283_Cambio_tricono | Q71: Demora | R71: 283 | S71: Cambio_tricono | T71: No Programada
A72: PF-24 | B72: 8999801700 | C72: DelayCode | D72: 283_Cambio_tricono | E72: 46033.902 | F72: 46033.917 | G72: Turno A | H72: 2026-01-11 | I72: 9 | J72: 21 | K72: No Data | L72: Iselda_Bugueno | M72: STB State Local Manual | N72: Manual | O72: 1243 | P72: 283_Cambio_tricono | Q72: Demora | R72: 283 | S72: Cambio_tricono | T72: No Programada
A73: PF-07 | B73: 8999804000 | C73: Drill Mode | E73: 46033.903 | F73: 46033.903 | G73: Turno A | H73: 2026-01-11 | I73: 9 | J73: 21 | K73: MAF11-W-3155-22 | L73: Misael_Tirado_P. | O73: 51 | P73: 106_Efectivo_Perforando | Q73: Efectivo | R73: 106 | S73: Efectivo_Perforando | T73: No Asignado
A74: PF-07 | B74: 8999804000 | C74: Tramming/Propel | E74: 46033.903 | F74: 46033.904 | G74: Turno A | H74: 2026-01-11 | I74: 9 | J74: 21 | K74: MAF11-W-3155-22 | L74: Misael_Tirado_P. | O74: 82 | P74: 107_Efectivo_Posicionandose | Q74: Efectivo | R74: 107 | S74: Efectivo_Posicionandose | T74: No Asignado
A75: PF-07 | B75: 8999804000 | C75: Drill Mode | E75: 46033.904 | F75: 46033.905 | G75: Turno A | H75: 2026-01-11 | I75: 9 | J75: 21 | K75: MAF11-W-3155-22 | L75: Misael_Tirado_P. | O75: 78 | P75: 106_Efectivo_Perforando | Q75: Efectivo | R75: 106 | S75: Efectivo_Perforando | T75: No Asignado
A76: PF-07 | B76: 8999804000 | C76: Drilling | E76: 46033.905 | F76: 46033.915 | G76: Turno A | H76: 2026-01-11 | I76: 9 | J76: 21 | K76: MAF11-W-3155-22 | L76: Misael_Tirado_P. | O76: 896 | P76: 106_Efectivo_Perforando | Q76: Efectivo | R76: 106 | S76: Efectivo_Perforando | T76: No Asignado
A77: PF-26 | B77: 8999850070 | C77: Drill Mode | E77: 46033.905 | F77: 46033.907 | G77: Turno A | H77: 2026-01-11 | I77: 9 | J77: 21 | K77: MAF09-SE-2840-13 | L77: Lino_Alamos_R. | N77: Manual | O77: 131 | P77: 106_Efectivo_Perforando | Q77: Efectivo | R77: 106 | S77: Efectivo_Perforando | T77: No Asignado
A78: PF-26 | B78: 8999850070 | C78: Positioning/Setup | E78: 46033.907 | F78: 46033.907 | G78: Turno A | H78: 2026-01-11 | I78: 9 | J78: 21 | K78: MAF09-SE-2840-13 | L78: Lino_Alamos_R. | N78: AutoDelevel | O78: 47 | P78: 107_Efectivo_Posicionandose | Q78: Efectivo | R78: 107 | S78: Efectivo_Posicionandose | T78: No Asignado
A79: PF-26 | B79: 8999850070 | C79: Positioning/Setup | E79: 46033.907 | F79: 46033.907 | G79: Turno A | H79: 2026-01-11 | I79: 9 | J79: 21 | K79: MAF09-SE-2840-13 | L79: Lino_Alamos_R. | N79: Manual | O79: 1 | P79: 107_Efectivo_Posicionandose | Q79: Efectivo | R79: 107 | S79: Efectivo_Posicionandose | T79: No Asignado
A80: PF-26 | B80: 8999850070 | C80: Tramming/Propel | E80: 46033.907 | F80: 46033.908 | G80: Turno A | H80: 2026-01-11 | I80: 9 | J80: 21 | K80: MAF09-SE-2840-13 | L80: Lino_Alamos_R. | N80: Manual | O80: 39 | P80: 107_Efectivo_Posicionandose | Q80: Efectivo | R80: 107 | S80: Efectivo_Posicionandose | T80: No Asignado
A81: PF-26 | B81: 8999850070 | C81: Positioning/Setup | E81: 46033.908 | F81: 46033.908 | G81: Turno A | H81: 2026-01-11 | I81: 9 | J81: 21 | K81: MAF09-SE-2840-13 | L81: Lino_Alamos_R. | N81: Manual | O81: 33 | P81: 107_Efectivo_Posicionandose | Q81: Efectivo | R81: 107 | S81: Efectivo_Posicionandose | T81: No Asignado
A82: PF-26 | B82: 8999850070 | C82: Drill Mode | E82: 46033.908 | F82: 46033.908 | G82: Turno A | H82: 2026-01-11 | I82: 9 | J82: 21 | K82: MAF09-SE-2840-13 | L82: Lino_Alamos_R. | N82: Manual | O82: 10 | P82: 106_Efectivo_Perforando | Q82: Efectivo | R82: 106 | S82: Efectivo_Perforando | T82: No Asignado
A83: PF-26 | B83: 8999850070 | C83: Drilling | E83: 46033.908 | F83: 46033.917 | G83: Turno A | H83: 2026-01-11 | I83: 9 | J83: 21 | K83: MAF09-SE-2840-13 | L83: Lino_Alamos_R. | N83: Manual | O83: 713 | P83: 106_Efectivo_Perforando | Q83: Efectivo | R83: 106 | S83: Efectivo_Perforando | T83: No Asignado
A84: PF-07 | B84: 8999804000 | C84: Drill Mode | E84: 46033.915 | F84: 46033.916 | G84: Turno A | H84: 2026-01-11 | I84: 9 | J84: 21 | K84: MAF11-W-3155-22 | L84: Misael_Tirado_P. | O84: 54 | P84: 106_Efectivo_Perforando | Q84: Efectivo | R84: 106 | S84: Efectivo_Perforando | T84: No Asignado
A85: PF-07 | B85: 8999804000 | C85: Tramming/Propel | E85: 46033.916 | F85: 46033.917 | G85: Turno A | H85: 2026-01-11 | I85: 9 | J85: 21 | K85: MAF11-W-3155-22 | L85: Misael_Tirado_P. | O85: 47 | P85: 107_Efectivo_Posicionandose | Q85: Efectivo | R85: 107 | S85: Efectivo_Posicionandose | T85: No Asignado
A86: PF-07 | B86: 8999804000 | C86: Tramming/Propel | E86: 46033.917 | F86: 46033.917 | G86: Turno A | H86: 2026-01-11 | I86: 10 | J86: 22 | K86: MAF11-W-3155-22 | L86: Misael_Tirado_P. | O86: 30 | P86: 107_Efectivo_Posicionandose | Q86: Efectivo | R86: 107 | S86: Efectivo_Posicionandose | T86: No Asignado
A87: PF-23 | B87: 8999801530 | C87: Drilling | E87: 46033.917 | F87: 46033.927 | G87: Turno A | H87: 2026-01-11 | I87: 10 | J87: 22 | K87: MAF09-SE-2825-01 | L87: Mariole_Rivero | M87: STB State Local Manual | N87: Manual | O87: 899 | P87: 106_Efectivo_Perforando | Q87: Efectivo | R87: 106 | S87: Efectivo_Perforando | T87: No Asignado
A88: PF-22 | B88: 8999801450 | C88: DelayCode | D88: 419_Mant_No_Program | E88: 46033.917 | F88: 46033.958 | G88: Turno A | H88: 2026-01-11 | I88: 10 | J88: 22 | K88: No Data | L88: None | M88: STB State Local Manual | N88: Manual | O88: 3600 | P88: 419_Mant_No_Program | Q88: Mantencion | R88: 419 | S88: Mant_No_Program | T88: No Programada
A89: PF-26 | B89: 8999850070 | C89: Drilling | E89: 46033.917 | F89: 46033.936 | G89: Turno A | H89: 2026-01-11 | I89: 10 | J89: 22 | K89: MAF09-SE-2840-13 | L89: Lino_Alamos_R. | N89: Manual | O89: 1698 | P89: 106_Efectivo_Perforando | Q89: Efectivo | R89: 106 | S89: Efectivo_Perforando | T89: No Asignado
A90: PF-21 | B90: 8999801320 | C90: Drilling | E90: 46033.917 | F90: 46033.917 | G90: Turno A | H90: 2026-01-11 | I90: 10 | J90: 22 | K90: MAF09-SE-2840-15 | L90: Emilio_Ferreira_V. | M90: STB State Local Manual | N90: Manual | O90: 8 | P90: 106_Efectivo_Perforando | Q90: Efectivo | R90: 106 | S90: Efectivo_Perforando | T90: No Asignado
A91: PF-24 | B91: 8999801700 | C91: DelayCode | D91: 283_Cambio_tricono | E91: 46033.917 | F91: 46033.925 | G91: Turno A | H91: 2026-01-11 | I91: 10 | J91: 22 | K91: No Data | L91: Iselda_Bugueno | M91: STB State Local Manual | N91: Manual | O91: 751 | P91: 283_Cambio_tricono | Q91: Demora | R91: 283 | S91: Cambio_tricono | T91: No Programada
A92: PF-25 | B92: 8999801690 | C92: Drill Mode | E92: 46033.917 | F92: 46033.918 | G92: Turno A | H92: 2026-01-11 | I92: 10 | J92: 22 | L92: Alex_Pereira_P. | M92: STB State Remote Allocated | N92: Manual | O92: 77 | P92: 106_Efectivo_Perforando | Q92: Efectivo | R92: 106 | S92: Efectivo_Perforando | T92: No Asignado
A93: PF-21 | B93: 8999801320 | C93: Drill Mode | E93: 46033.917 | F93: 46033.918 | G93: Turno A | H93: 2026-01-11 | I93: 10 | J93: 22 | K93: MAF09-SE-2840-15 | L93: Emilio_Ferreira_V. | M93: STB State Local Manual | N93: Manual | O93: 123 | P93: 106_Efectivo_Perforando | Q93: Efectivo | R93: 106 | S93: Efectivo_Perforando | T93: No Asignado
A94: PF-07 | B94: 8999804000 | C94: Drill Mode | E94: 46033.917 | F94: 46033.918 | G94: Turno A | H94: 2026-01-11 | I94: 10 | J94: 22 | K94: MAF11-W-3155-22 | L94: Misael_Tirado_P. | O94: 56 | P94: 106_Efectivo_Perforando | Q94: Efectivo | R94: 106 | S94: Efectivo_Perforando | T94: No Asignado
A95: PF-25 | B95: 8999801690 | C95: Positioning/Setup | E95: 46033.918 | F95: 46033.918 | G95: Turno A | H95: 2026-01-11 | I95: 10 | J95: 22 | L95: Alex_Pereira_P. | M95: STB State Remote Allocated | N95: Manual | O95: 1 | P95: 107_Efectivo_Posicionandose | Q95: Efectivo | R95: 107 | S95: Efectivo_Posicionandose | T95: No Asignado
A96: PF-25 | B96: 8999801690 | C96: Positioning/Setup | E96: 46033.918 | F96: 46033.918 | G96: Turno A | H96: 2026-01-11 | I96: 10 | J96: 22 | L96: Alex_Pereira_P. | M96: STB State Remote Autonomous | N96: AutoDelevel | O96: 20 | P96: 107_Efectivo_Posicionandose | Q96: Efectivo | R96: 107 | S96: Efectivo_Posicionandose | T96: No Asignado
A97: PF-07 | B97: 8999804000 | C97: Drilling | E97: 46033.918 | F97: 46033.929 | G97: Turno A | H97: 2026-01-11 | I97: 10 | J97: 22 | K97: MAF11-W-3155-22 | L97: Misael_Tirado_P. | O97: 989 | P97: 106_Efectivo_Perforando | Q97: Efectivo | R97: 106 | S97: Efectivo_Perforando | T97: No Asignado
A98: PF-25 | B98: 8999801690 | C98: Positioning/Setup | E98: 46033.918 | F98: 46033.918 | G98: Turno A | H98: 2026-01-11 | I98: 10 | J98: 22 | L98: Alex_Pereira_P. | M98: STB State Remote Allocated | N98: Manual | O98: 32 | P98: 107_Efectivo_Posicionandose | Q98: Efectivo | R98: 107 | S98: Efectivo_Posicionandose | T98: No Asignado
A99: PF-25 | B99: 8999801690 | C99: Tramming/Propel | E99: 46033.918 | F99: 46033.919 | G99: Turno A | H99: 2026-01-11 | I99: 10 | J99: 22 | L99: Alex_Pereira_P. | M99: STB State Remote Allocated | N99: Manual | O99: 82 | P99: 107_Efectivo_Posicionandose | Q99: Efectivo | R99: 107 | S99: Efectivo_Posicionandose | T99: No Asignado
A100: PF-21 | B100: 8999801320 | C100: Positioning/Setup | E100: 46033.918 | F100: 46033.918 | G100: Turno A | H100: 2026-01-11 | I100: 10 | J100: 22 | K100: MAF09-SE-2840-15 | L100: Emilio_Ferreira_V. | M100: STB State Local Manual | N100: Manual | O100: 2 | P100: 107_Efectivo_Posicionandose | Q100: Efectivo | R100: 107 | S100: Efectivo_Posicionandose | T100: No Asignado
...

Sheet Resumen
A1: Reporte DispUEBD_AllRigs
B2: PF-07 | C2: PF-21 | D2: PF-22 | E2: PF-23 | F2: PF-24 | G2: PF-25 | H2: PF-26
A3: fecha inicio | B3: {=MIN(IF('DispUEBD_AllRigs'!A2:A980=B2,'DispUEBD_AllRigs'!E2:E980))} -> 0 | C3: {=MIN(IF('DispUEBD_AllRigs'!A2:A980=C2,'DispUEBD_AllRigs'!E2:E980))} -> 0 | D3: {=MIN(IF('DispUEBD_AllRigs'!A2:A980=D2,'DispUEBD_AllRigs'!E2:E980))} -> 0 | E3: {=MIN(IF('DispUEBD_AllRigs'!A2:A980=E2,'DispUEBD_AllRigs'!E2:E980))} -> 0 | F3: {=MIN(IF('DispUEBD_AllRigs'!A2:A980=F2,'DispUEBD_AllRigs'!E2:E980))} -> 0 | G3: {=MIN(IF('DispUEBD_AllRigs'!A2:A980=G2,'DispUEBD_AllRigs'!E2:E980))} -> 0 | H3: {=MIN(IF('DispUEBD_AllRigs'!A2:A980=H2,'DispUEBD_AllRigs'!E2:E980))} -> 0
A4: fecha fin | B4: {=MAX(IF('DispUEBD_AllRigs'!A2:A980=B2,'DispUEBD_AllRigs'!F2:F980))} -> 0 | C4: {=MAX(IF('DispUEBD_AllRigs'!A2:A980=C2,'DispUEBD_AllRigs'!F2:F980))} -> 0 | D4: {=MAX(IF('DispUEBD_AllRigs'!A2:A980=D2,'DispUEBD_AllRigs'!F2:F980))} -> 0 | E4: {=MAX(IF('DispUEBD_AllRigs'!A2:A980=E2,'DispUEBD_AllRigs'!F2:F980))} -> 0 | F4: {=MAX(IF('DispUEBD_AllRigs'!A2:A980=F2,'DispUEBD_AllRigs'!F2:F980))} -> 0 | G4: {=MAX(IF('DispUEBD_AllRigs'!A2:A980=G2,'DispUEBD_AllRigs'!F2:F980))} -> 0 | H4: {=MAX(IF('DispUEBD_AllRigs'!A2:A980=H2,'DispUEBD_AllRigs'!F2:F980))} -> 0
A5: Horas total | B5: =SUMIFS('DispUEBD_AllRigs'!O2:O980,'DispUEBD_AllRigs'!A2:A980,B2)/3600 -> 0 | C5: =SUMIFS('DispUEBD_AllRigs'!O2:O980,'DispUEBD_AllRigs'!A2:A980,C2)/3600 -> 0 | D5: =SUMIFS('DispUEBD_AllRigs'!O2:O980,'DispUEBD_AllRigs'!A2:A980,D2)/3600 -> 0 | E5: =SUMIFS('DispUEBD_AllRigs'!O2:O980,'DispUEBD_AllRigs'!A2:A980,E2)/3600 -> 0 | F5: =SUMIFS('DispUEBD_AllRigs'!O2:O980,'DispUEBD_AllRigs'!A2:A980,F2)/3600 -> 0 | G5: =SUMIFS('DispUEBD_AllRigs'!O2:O980,'DispUEBD_AllRigs'!A2:A980,G2)/3600 -> 0 | H5: =SUMIFS('DispUEBD_AllRigs'!O2:O980,'DispUEBD_AllRigs'!A2:A980,H2)/3600 -> 0
A7: Efectivo PF | B7: =SUMIFS('DispUEBD_AllRigs'!O2:O980,'DispUEBD_AllRigs'!P2:P980,"=106_Efectivo_Perforando",'DispUEBD_AllRigs'!A2:A980,B2)/3600 -> 0 | C7: =SUMIFS('DispUEBD_AllRigs'!O2:O980,'DispUEBD_AllRigs'!P2:P980,"=106_Efectivo_Perforando",'DispUEBD_AllRigs'!A2:A980,C2)/3600 -> 0 | D7: =SUMIFS('DispUEBD_AllRigs'!O2:O980,'DispUEBD_AllRigs'!P2:P980,"=106_Efectivo_Perforando",'DispUEBD_AllRigs'!A2:A980,D2)/3600 -> 0 | E7: =SUMIFS('DispUEBD_AllRigs'!O2:O980,'DispUEBD_AllRigs'!P2:P980,"=106_Efectivo_Perforando",'DispUEBD_AllRigs'!A2:A980,E2)/3600 -> 0 | F7: =SUMIFS('DispUEBD_AllRigs'!O2:O980,'DispUEBD_AllRigs'!P2:P980,"=106_Efectivo_Perforando",'DispUEBD_AllRigs'!A2:A980,F2)/3600 -> 0 | G7: =SUMIFS('DispUEBD_AllRigs'!O2:O980,'DispUEBD_AllRigs'!P2:P980,"=106_Efectivo_Perforando",'DispUEBD_AllRigs'!A2:A980,G2)/3600 -> 0 | H7: =SUMIFS('DispUEBD_AllRigs'!O2:O980,'DispUEBD_AllRigs'!P2:P980,"=106_Efectivo_Perforando",'DispUEBD_AllRigs'!A2:A980,H2)/3600 -> 0
A8: Efectivo Total | B8: =SUMIFS('DispUEBD_AllRigs'!O2:O980,'DispUEBD_AllRigs'!Q2:Q980,"=Efectivo",'DispUEBD_AllRigs'!A2:A980,B2)/3600 -> 0 | C8: =SUMIFS('DispUEBD_AllRigs'!O2:O980,'DispUEBD_AllRigs'!Q2:Q980,"=Efectivo",'DispUEBD_AllRigs'!A2:A980,C2)/3600 -> 0 | D8: =SUMIFS('DispUEBD_AllRigs'!O2:O980,'DispUEBD_AllRigs'!Q2:Q980,"=Efectivo",'DispUEBD_AllRigs'!A2:A980,D2)/3600 -> 0 | E8: =SUMIFS('DispUEBD_AllRigs'!O2:O980,'DispUEBD_AllRigs'!Q2:Q980,"=Efectivo",'DispUEBD_AllRigs'!A2:A980,E2)/3600 -> 0 | F8: =SUMIFS('DispUEBD_AllRigs'!O2:O980,'DispUEBD_AllRigs'!Q2:Q980,"=Efectivo",'DispUEBD_AllRigs'!A2:A980,F2)/3600 -> 0 | G8: =SUMIFS('DispUEBD_AllRigs'!O2:O980,'DispUEBD_AllRigs'!Q2:Q980,"=Efectivo",'DispUEBD_AllRigs'!A2:A980,G2)/3600 -> 0 | H8: =SUMIFS('DispUEBD_AllRigs'!O2:O980,'DispUEBD_AllRigs'!Q2:Q980,"=Efectivo",'DispUEBD_AllRigs'!A2:A980,H2)/3600 -> 0
A9: Mantención Progamada | B9: =SUMIFS('DispUEBD_AllRigs'!O2:O980,'DispUEBD_AllRigs'!Q2:Q980,"=Mantencion",'DispUEBD_AllRigs'!T2:T980,"=Programada",'DispUEBD_AllRigs'!A2:A980,B2)/3600 -> 0 | C9: =SUMIFS('DispUEBD_AllRigs'!O2:O980,'DispUEBD_AllRigs'!Q2:Q980,"=Mantencion",'DispUEBD_AllRigs'!T2:T980,"=Programada",'DispUEBD_AllRigs'!A2:A980,C2)/3600 -> 0 | D9: =SUMIFS('DispUEBD_AllRigs'!O2:O980,'DispUEBD_AllRigs'!Q2:Q980,"=Mantencion",'DispUEBD_AllRigs'!T2:T980,"=Programada",'DispUEBD_AllRigs'!A2:A980,D2)/3600 -> 0 | E9: =SUMIFS('DispUEBD_AllRigs'!O2:O980,'DispUEBD_AllRigs'!Q2:Q980,"=Mantencion",'DispUEBD_AllRigs'!T2:T980,"=Programada",'DispUEBD_AllRigs'!A2:A980,E2)/3600 -> 0 | F9: =SUMIFS('DispUEBD_AllRigs'!O2:O980,'DispUEBD_AllRigs'!Q2:Q980,"=Mantencion",'DispUEBD_AllRigs'!T2:T980,"=Programada",'DispUEBD_AllRigs'!A2:A980,F2)/3600 -> 0 | G9: =SUMIFS('DispUEBD_AllRigs'!O2:O980,'DispUEBD_AllRigs'!Q2:Q980,"=Mantencion",'DispUEBD_AllRigs'!T2:T980,"=Programada",'DispUEBD_AllRigs'!A2:A980,G2)/3600 -> 0 | H9: =SUMIFS('DispUEBD_AllRigs'!O2:O980,'DispUEBD_AllRigs'!Q2:Q980,"=Mantencion",'DispUEBD_AllRigs'!T2:T980,"=Programada",'DispUEBD_AllRigs'!A2:A980,H2)/3600 -> 0
A10: Mantención No Progamada | B10: =SUMIFS('DispUEBD_AllRigs'!O2:O980,'DispUEBD_AllRigs'!Q2:Q980,"=Mantencion",'DispUEBD_AllRigs'!T2:T980,"=No Programada",'DispUEBD_AllRigs'!A2:A980,B2)/3600 -> 0 | C10: =SUMIFS('DispUEBD_AllRigs'!O2:O980,'DispUEBD_AllRigs'!Q2:Q980,"=Mantencion",'DispUEBD_AllRigs'!T2:T980,"=No Programada",'DispUEBD_AllRigs'!A2:A980,C2)/3600 -> 0 | D10: =SUMIFS('DispUEBD_AllRigs'!O2:O980,'DispUEBD_AllRigs'!Q2:Q980,"=Mantencion",'DispUEBD_AllRigs'!T2:T980,"=No Programada",'DispUEBD_AllRigs'!A2:A980,D2)/3600 -> 0 | E10: =SUMIFS('DispUEBD_AllRigs'!O2:O980,'DispUEBD_AllRigs'!Q2:Q980,"=Mantencion",'DispUEBD_AllRigs'!T2:T980,"=No Programada",'DispUEBD_AllRigs'!A2:A980,E2)/3600 -> 0 | F10: =SUMIFS('DispUEBD_AllRigs'!O2:O980,'DispUEBD_AllRigs'!Q2:Q980,"=Mantencion",'DispUEBD_AllRigs'!T2:T980,"=No Programada",'DispUEBD_AllRigs'!A2:A980,F2)/3600 -> 0 | G10: =SUMIFS('DispUEBD_AllRigs'!O2:O980,'DispUEBD_AllRigs'!Q2:Q980,"=Mantencion",'DispUEBD_AllRigs'!T2:T980,"=No Programada",'DispUEBD_AllRigs'!A2:A980,G2)/3600 -> 0 | H10: =SUMIFS('DispUEBD_AllRigs'!O2:O980,'DispUEBD_AllRigs'!Q2:Q980,"=Mantencion",'DispUEBD_AllRigs'!T2:T980,"=No Programada",'DispUEBD_AllRigs'!A2:A980,H2)/3600 -> 0
A11: Reserva | B11: =SUMIFS('DispUEBD_AllRigs'!O2:O980,'DispUEBD_AllRigs'!Q2:Q980,"=Reserva",'DispUEBD_AllRigs'!A2:A980,B2)/3600 -> 0 | C11: =SUMIFS('DispUEBD_AllRigs'!O2:O980,'DispUEBD_AllRigs'!Q2:Q980,"=Reserva",'DispUEBD_AllRigs'!A2:A980,C2)/3600 -> 0 | D11: =SUMIFS('DispUEBD_AllRigs'!O2:O980,'DispUEBD_AllRigs'!Q2:Q980,"=Reserva",'DispUEBD_AllRigs'!A2:A980,D2)/3600 -> 0 | E11: =SUMIFS('DispUEBD_AllRigs'!O2:O980,'DispUEBD_AllRigs'!Q2:Q980,"=Reserva",'DispUEBD_AllRigs'!A2:A980,E2)/3600 -> 0 | F11: =SUMIFS('DispUEBD_AllRigs'!O2:O980,'DispUEBD_AllRigs'!Q2:Q980,"=Reserva",'DispUEBD_AllRigs'!A2:A980,F2)/3600 -> 0 | G11: =SUMIFS('DispUEBD_AllRigs'!O2:O980,'DispUEBD_AllRigs'!Q2:Q980,"=Reserva",'DispUEBD_AllRigs'!A2:A980,G2)/3600 -> 0 | H11: =SUMIFS('DispUEBD_AllRigs'!O2:O980,'DispUEBD_AllRigs'!Q2:Q980,"=Reserva",'DispUEBD_AllRigs'!A2:A980,H2)/3600 -> 0
A12: Demora Programada | B12: =SUMIFS('DispUEBD_AllRigs'!O2:O980,'DispUEBD_AllRigs'!Q2:Q980,"=Demora",'DispUEBD_AllRigs'!T2:T980,"=Programada",'DispUEBD_AllRigs'!A2:A980,B2)/3600 -> 0 | C12: =SUMIFS('DispUEBD_AllRigs'!O2:O980,'DispUEBD_AllRigs'!Q2:Q980,"=Demora",'DispUEBD_AllRigs'!T2:T980,"=Programada",'DispUEBD_AllRigs'!A2:A980,C2)/3600 -> 0 | D12: =SUMIFS('DispUEBD_AllRigs'!O2:O980,'DispUEBD_AllRigs'!Q2:Q980,"=Demora",'DispUEBD_AllRigs'!T2:T980,"=Programada",'DispUEBD_AllRigs'!A2:A980,D2)/3600 -> 0 | E12: =SUMIFS('DispUEBD_AllRigs'!O2:O980,'DispUEBD_AllRigs'!Q2:Q980,"=Demora",'DispUEBD_AllRigs'!T2:T980,"=Programada",'DispUEBD_AllRigs'!A2:A980,E2)/3600 -> 0 | F12: =SUMIFS('DispUEBD_AllRigs'!O2:O980,'DispUEBD_AllRigs'!Q2:Q980,"=Demora",'DispUEBD_AllRigs'!T2:T980,"=Programada",'DispUEBD_AllRigs'!A2:A980,F2)/3600 -> 0 | G12: =SUMIFS('DispUEBD_AllRigs'!O2:O980,'DispUEBD_AllRigs'!Q2:Q980,"=Demora",'DispUEBD_AllRigs'!T2:T980,"=Programada",'DispUEBD_AllRigs'!A2:A980,G2)/3600 -> 0 | H12: =SUMIFS('DispUEBD_AllRigs'!O2:O980,'DispUEBD_AllRigs'!Q2:Q980,"=Demora",'DispUEBD_AllRigs'!T2:T980,"=Programada",'DispUEBD_AllRigs'!A2:A980,H2)/3600 -> 0
A13: Demora No Programada | B13: =SUMIFS('DispUEBD_AllRigs'!O2:O980,'DispUEBD_AllRigs'!Q2:Q980,"=Demora",'DispUEBD_AllRigs'!T2:T980,"=No Programada",'DispUEBD_AllRigs'!A2:A980,B2)/3600 -> 0 | C13: =SUMIFS('DispUEBD_AllRigs'!O2:O980,'DispUEBD_AllRigs'!Q2:Q980,"=Demora",'DispUEBD_AllRigs'!T2:T980,"=No Programada",'DispUEBD_AllRigs'!A2:A980,C2)/3600 -> 0 | D13: =SUMIFS('DispUEBD_AllRigs'!O2:O980,'DispUEBD_AllRigs'!Q2:Q980,"=Demora",'DispUEBD_AllRigs'!T2:T980,"=No Programada",'DispUEBD_AllRigs'!A2:A980,D2)/3600 -> 0 | E13: =SUMIFS('DispUEBD_AllRigs'!O2:O980,'DispUEBD_AllRigs'!Q2:Q980,"=Demora",'DispUEBD_AllRigs'!T2:T980,"=No Programada",'DispUEBD_AllRigs'!A2:A980,E2)/3600 -> 0 | F13: =SUMIFS('DispUEBD_AllRigs'!O2:O980,'DispUEBD_AllRigs'!Q2:Q980,"=Demora",'DispUEBD_AllRigs'!T2:T980,"=No Programada",'DispUEBD_AllRigs'!A2:A980,F2)/3600 -> 0 | G13: =SUMIFS('DispUEBD_AllRigs'!O2:O980,'DispUEBD_AllRigs'!Q2:Q980,"=Demora",'DispUEBD_AllRigs'!T2:T980,"=No Programada",'DispUEBD_AllRigs'!A2:A980,G2)/3600 -> 0 | H13: =SUMIFS('DispUEBD_AllRigs'!O2:O980,'DispUEBD_AllRigs'!Q2:Q980,"=Demora",'DispUEBD_AllRigs'!T2:T980,"=No Programada",'DispUEBD_AllRigs'!A2:A980,H2)/3600 -> 0
A14: Sin patio | B14: =SUM(SUMIFS('DispUEBD_AllRigs'!O2:O980,'DispUEBD_AllRigs'!P2:P980,{"276_SN_Marca_Perfor","276_SN_Area_Perfor","315_No_requerido","RS No Requerido"},'DispUEBD_AllRigs'!A2:A980,B2))/3600 -> 0 | C14: =SUM(SUMIFS('DispUEBD_AllRigs'!O2:O980,'DispUEBD_AllRigs'!P2:P980,{"276_SN_Marca_Perfor","276_SN_Area_Perfor","315_No_requerido","RS No Requerido"},'DispUEBD_AllRigs'!A2:A980,C2))/3600 -> 0 | D14: =SUM(SUMIFS('DispUEBD_AllRigs'!O2:O980,'DispUEBD_AllRigs'!P2:P980,{"276_SN_Marca_Perfor","276_SN_Area_Perfor","315_No_requerido","RS No Requerido"},'DispUEBD_AllRigs'!A2:A980,D2))/3600 -> 0 | E14: =SUM(SUMIFS('DispUEBD_AllRigs'!O2:O980,'DispUEBD_AllRigs'!P2:P980,{"276_SN_Marca_Perfor","276_SN_Area_Perfor","315_No_requerido","RS No Requerido"},'DispUEBD_AllRigs'!A2:A980,E2))/3600 -> 0 | F14: =SUM(SUMIFS('DispUEBD_AllRigs'!O2:O980,'DispUEBD_AllRigs'!P2:P980,{"276_SN_Marca_Perfor","276_SN_Area_Perfor","315_No_requerido","RS No Requerido"},'DispUEBD_AllRigs'!A2:A980,F2))/3600 -> 0 | G14: =SUM(SUMIFS('DispUEBD_AllRigs'!O2:O980,'DispUEBD_AllRigs'!P2:P980,{"276_SN_Marca_Perfor","276_SN_Area_Perfor","315_No_requerido","RS No Requerido"},'DispUEBD_AllRigs'!A2:A980,G2))/3600 -> 0 | H14: =SUM(SUMIFS('DispUEBD_AllRigs'!O2:O980,'DispUEBD_AllRigs'!P2:P980,{"276_SN_Marca_Perfor","276_SN_Area_Perfor","315_No_requerido","RS No Requerido"},'DispUEBD_AllRigs'!A2:A980,H2))/3600 -> 0
A16: DISP (%) | B16: =(B8+B11+B13+B12)/(B8+B11+B9+B10+B12+B13) -> 0 | C16: =(C8+C11+C13+C12)/(C8+C11+C9+C10+C12+C13) -> 0 | D16: =(D8+D11+D13+D12)/(D8+D11+D9+D10+D12+D13) -> 0 | E16: =(E8+E11+E13+E12)/(E8+E11+E9+E10+E12+E13) -> 0 | F16: =(F8+F11+F13+F12)/(F8+F11+F9+F10+F12+F13) -> 0 | G16: =(G8+G11+G13+G12)/(G8+G11+G9+G10+G12+G13) -> 0 | H16: =(H8+H11+H13+H12)/(H8+H11+H9+H10+H12+H13) -> 0
A17: DISP Autonomia (%) | B17: =(B5-B9-B10-SUMIF('DispUEBD_AllRigs'!P2:P980,"=210_Falla_Autonomia",'DispUEBD_AllRigs'!O2:O980)/3600)/(B5-B9-B10) -> 0 | C17: =(C5-C9-C10-SUMIF('DispUEBD_AllRigs'!P2:P980,"=210_Falla_Autonomia",'DispUEBD_AllRigs'!O2:O980)/3600)/(C5-C9-C10) -> 0 | D17: =(D5-D9-D10-SUMIF('DispUEBD_AllRigs'!P2:P980,"=210_Falla_Autonomia",'DispUEBD_AllRigs'!O2:O980)/3600)/(D5-D9-D10) -> 0 | E17: =(E5-E9-E10-SUMIF('DispUEBD_AllRigs'!P2:P980,"=210_Falla_Autonomia",'DispUEBD_AllRigs'!O2:O980)/3600)/(E5-E9-E10) -> 0 | F17: =(F5-F9-F10-SUMIF('DispUEBD_AllRigs'!P2:P980,"=210_Falla_Autonomia",'DispUEBD_AllRigs'!O2:O980)/3600)/(F5-F9-F10) -> 0 | G17: =(G5-G9-G10-SUMIF('DispUEBD_AllRigs'!P2:P980,"=210_Falla_Autonomia",'DispUEBD_AllRigs'!O2:O980)/3600)/(G5-G9-G10) -> 0 | H17: =(H5-H9-H10-SUMIF('DispUEBD_AllRigs'!P2:P980,"=210_Falla_Autonomia",'DispUEBD_AllRigs'!O2:O980)/3600)/(H5-H9-H10) -> 0
A18: UEBD (%) | B18: =B8/(B8+B11+B13+B12) -> 0 | C18: =C8/(C8+C11+C13+C12) -> 0 | D18: =D8/(D8+D11+D13+D12) -> 0 | E18: =E8/(E8+E11+E13+E12) -> 0 | F18: =F8/(F8+F11+F13+F12) -> 0 | G18: =G8/(G8+G11+G13+G12) -> 0 | H18: =H8/(H8+H11+H13+H12) -> 0
A19: UEBD ajustada (%) | B19: =B8/(B8+B11+B13+B12-B14) -> 0 | C19: =C8/(C8+C11+C13+C12-C14) -> 0 | D19: =D8/(D8+D11+D13+D12-D14) -> 0 | E19: =E8/(E8+E11+E13+E12-E14) -> 0 | F19: =F8/(F8+F11+F13+F12-F14) -> 0 | G19: =G8/(G8+G11+G13+G12-G14) -> 0 | H19: =H8/(H8+H11+H13+H12-H14) -> 0
A20: Imprevisto (Horas) | B20: 0 | C20: 0 | D20: 4.6219444 | E20: 0.78305556 | F20: 0 | G20: 0 | H20: 0.29305556
A21: N° Imprevistos | B21: 0 | C21: 0 | D21: 1 | E21: 1 | F21: 0 | G21: 0 | H21: 1
A22: MTBF (Horas) | B22: =IF(B21,(B5-B9-B10-B11)/B21,NA()) -> 0 | C22: =IF(C21,(C5-C9-C10-C11)/C21,NA()) -> 0 | D22: =IF(D21,(D5-D9-D10-D11)/D21,NA()) -> 0 | E22: =IF(E21,(E5-E9-E10-E11)/E21,NA()) -> 0 | F22: =IF(F21,(F5-F9-F10-F11)/F21,NA()) -> 0 | G22: =IF(G21,(G5-G9-G10-G11)/G21,NA()) -> 0 | H22: =IF(H21,(H5-H9-H10-H11)/H21,NA()) -> 0
A23: MTTR (Horas) | B23: =IF(B21,B20/B21,NA()) -> 0 | C23: =IF(C21,C20/C21,NA()) -> 0 | D23: =IF(D21,D20/D21,NA()) -> 0 | E23: =IF(E21,E20/E21,NA()) -> 0 | F23: =IF(F21,F20/F21,NA()) -> 0 | G23: =IF(G21,G20/G21,NA()) -> 0 | H23: =IF(H21,H20/H21,NA()) -> 0
A25: Pozos | B25: 29 | C25: 15 | D25: 5 | E25: 13 | F25: 0 | G25: 0 | H25: 13
A26: Metros | B26: 509.65299 | C26: 255.66831 | D26: 88.328613 | E26: 217.05318 | F26: 0 | G26: 0 | H26: 220.79538
A28: Rendimiento ef (m/h) | B28: =IF(B7,B26/B7,NA()) -> 0 | C28: =IF(C7,C26/C7,NA()) -> 0 | D28: =IF(D7,D26/D7,NA()) -> 0 | E28: =IF(E7,E26/E7,NA()) -> 0 | F28: =IF(F7,F26/F7,NA()) -> 0 | G28: =IF(G7,G26/G7,NA()) -> 0 | H28: =IF(H7,H26/H7,NA()) -> 0
A29: Rendimiento ASARCO (m/h) | B29: =IF(B8,B26/B8,NA()) -> 0 | C29: =IF(C8,C26/C8,NA()) -> 0 | D29: =IF(D8,D26/D8,NA()) -> 0 | E29: =IF(E8,E26/E8,NA()) -> 0 | F29: =IF(F8,F26/F8,NA()) -> 0 | G29: =IF(G8,G26/G8,NA()) -> 0 | H29: =IF(H8,H26/H8,NA()) -> 0
A31: Promedio penetración (m/h) | B31: 76.531034 | C31: 34.484 | D31: 26.802 | E31: 30.290769 | F31: 0 | G31: 0 | H31: 33.856154
A32: Promedio Penetración < 3 mts (m/h) | B32: 107.56759 | C32: 44.776 | D32: 26.928 | E32: 40.013077 | F32: 0 | G32: 0 | H32: 51.833077
A33: Promedio Penetración > 3 mts (m/h) | B33: 76.74 | C33: 34.476 | D33: 26.808 | E33: 30.230769 | F33: 0 | G33: 0 | H33: 32.090769
A34: Promedio Dureza (MPa) | B34: 86.448198 | C34: 124.80813 | D34: 0 | E34: 116.424 | F34: 0 | G34: 0 | H34: 140.70597
A35: Promedio Dureza < 3 mts (MPa) | B35: 65.441088 | C35: 77.156399 | D35: 0 | E35: 68.7059 | F35: 0 | G35: 0 | H35: 61.116188
A36: Promedio Dureza > 3 mts (MPa) | B36: 90.346742 | C36: 134.0821 | D36: 0 | E36: 125.79567 | F36: 0 | G36: 0 | H36: 157.08429
A37: Promedio PullDown (klbf) | B37: 88.706649 | C37: 86.288787 | D37: 94.919561 | E37: 99.454615 | F37: 0 | G37: 0 | H37: 89.308298
A38: Promedio PullDown < 3 mts (klbf) | B38: 63.692739 | C38: 36.136278 | D38: 44.240133 | E38: 44.131512 | F38: 0 | G38: 0 | H38: 41.473218
A39: Promedio PullDown > 3 mts (klbf) | B39: 93.340561 | C39: 96.059919 | D39: 104.19484 | E39: 110.24421 | F39: 0 | G39: 0 | H39: 99.260054
A40: Promedio RPM (RPM) | B40: 95.119406 | C40: 88.64486 | D40: 96.883506 | E40: 96.314607 | F40: 0 | G40: 0 | H40: 100.28441
A41: Promedio RPM < 3 mts (RPM) | B41: 89.793552 | C41: 77.808459 | D41: 79.837044 | E41: 85.639088 | F41: 0 | G41: 0 | H41: 83.651506
A42: Promedio RPM > 3 mts (RPM) | B42: 96.10222 | C42: 90.752581 | D42: 99.980737 | E42: 98.405009 | F42: 0 | G42: 0 | H42: 103.73304
... A44: Pozos omitidos por dureza | B44: 0 | C44: 0 | D44: 5 | E44: 0 | F44: 0 | G44: 0 | H44: 0
